result,user,PIN
FAIL,p,7
FAIL,mu,62
FAIL,LY4,973
FAIL,9fcI,9916
FAIL,Tl0m9,64117
SUCCESS,H34Y5m,601931
SUCCESS,gGhja1L,0930582
SUCCESS,XLYBsocc,83605349
SUCCESS,hLTKVnRwQ,048606099
SUCCESS,REfulcEBeK,1880484219
SUCCESS,kqVQOTpmZBW,48593803588
SUCCESS,ymcK8OFccTus,329885945478
SUCCESS,40W2udsDxvOc5,0688235225164
SUCCESS,hRog2NDtVyZeRi,75053821880104
SUCCESS,TJcqn1Tkd4XwE2n,646494184059047
SUCCESS,3tn04zna303gfdRb,5343398376771271
SUCCESS,0ope8cwQkpARH07bY,98231036104221221
SUCCESS,pu9bi9txCq21Yiq4VY,081841915986286870
SUCCESS,63Q3KT4cUw3yscb5G3q,7569609212690959149
SUCCESS,uxpVHI2VBTJ6iCNSrJ8E,81261918368047268419
