lastName,result,age,pass,user,email,firstName
3,FAIL,0,n,d,N,s
mn,FAIL,1,81,rF,hj,xv
kJm,FAIL,2,K28,ndh,rL3,V65
Hxoj,FAIL,3,omNp,wtHd,J0OM,Lkqv
HUwFOf,INVALID,18,n2DqUYo,b92S8IzYiJ0,OjKIkC1jlXt,Br94mY
bfZ4F,FAIL,19,dQGjd,DMHCJ,GLMy9,XDn92
yXjLJoi,FAIL,4,HZalSt,aUqHsU,NFtURiYo6686,jkey20K
JeTbmmie,FAIL,5,VdeUionx,TR8fceh,MJ4hxw,6OakhfFr
csrHdGNf8,FAIL,6,VL2aYKVls,NYTd8I1McmJo,XRmeAbl,SwXC5ZaVs
Ak23GqsXJf,FAIL,7,Vg3lCPfLXf,thRIDHz1,RRHg82oF,5NbOTgawOb
q6fuEpXk8DZ,FAIL,8,VCUcSXwfeWW,ItFFhXZ7r,IvjHuynhv,rnHQjNJuAiV
GTMoKj9IyVTE,FAIL,9,83YgXPeH7nOc,4pCIkbbsmX,fXFZ9JlaZy,zdUSxaO6Qnd0
qDkaF1LRgWR6l,FAIL,10,VDeEDtvmVNaJH,xcsitaJNOKB6v,WVhueWGd7whaK,bqjv65UI0DNbc
LWXgDiAOJ61im9,FAIL,11,1HiCGb6at5VegU,EhsUmSRuKBV6KE,RMUnOCFlHSjBp1,wXPy4md9pmHmet
4Sc080zbp1UNMsf,FAIL,12,p9UfqC0qaLlco93,ZjE98k4PlbpEaod,1NfGi5npRnzpxtv,nYzJWrWnqZb8cAV
w60DUZQql4TLC5zX,FAIL,13,OKTKi1H9nEX8wSfW,crH1uZx62XN8r83B,0K0wnYLYzUH8udiX,QjTzB5NrS3cJz22N
rFiBasAFKW1KOOswd,FAIL,14,HplltnBreFNKnxDu7,RAftqWYrZavSU6VDM,oFh56UhTiRik2kv3I,3z8SGR53BRJA539qG
NRGGw4rQe2BJLgGMgs,FAIL,15,1YnZUefB4lT2BHNzVN,EbRGG3qg89GEAg7X6H,DPRj6fXZUaBLj4dVMr,gS8wUCQAjxCkxSpZay
gyjZTsp4N3k45cOYQH7,FAIL,16,KQcKSlrS5M2Wt0HWxgf,y1x5URVAuKhkaCHffoV,dDsvTB4knWrmT2WzuXv,G5bOjh1Tj5FST1qjXOz
su4veINpOMFZWgCDeL1y,FAIL,17,SJGirzFGNejB3lSki6Il,ppr94gOdloULzhzDDb9i,CDiy5dZmceCS3ncuCCuw,4He02Gu118kxOhTVM8NR
1kYPwnI0A28AWLFIBhDTp,INVALID,20,orErOn9Dchao8qZjMQq7z,B1EiXRrdUgB79DASmUrhe,fO8aeTXTXtpYMuhNrBLoH,mOYimBUSkyTuCpNxiwrTv
mGtdw6Ks1NPfA9tnuLYJX2,INVALID,21,H1G0DQoIunkvP3653zukDs,lgfpzDh86EupUAu9oIQu8U,vrKkeXOJyxsXsBSFrXaQGc,VsQmGdtl8wjsTpP2OG2Yf9
mde1aFvIJswzVVAOZuzIsQf,INVALID,22,RaeLTg6t5IFA4EudLCkJQo8,LdrUUQJIqbjBjkF7gW4fGkO,K49Z1StpbtUov8HZAlZV9Tv,toUEwkBfi6TV76OLAsvriZB
2EI5zIWEKIHQX21OHFugr8Uf,INVALID,23,6FoLDOOCWT0YN5ok64aQ0dSK,LbTRnq8sbLbttlXtkDSEo2I6,V00eIC0JCHcElzTsKs7cb9VO,J65dVwgQPApE0wCm9ao1EdPN
IrpvU2GGEdW5Pl2GvgAE0WNwz,INVALID,24,swctsiUSJ3EVaskbID0hwKDbH,5EsnjwUqQrozwj76i5tOOD7y8,kH18HaW5OD56pGm0XQrUduFH0,0BSRA5Jd0dNvOWN4gvaEMnrLy
kXfvNcYZ1e5nwq96jaZznNrOiB,INVALID,25,X7YfmudvMnQSWfZ6Y1gIdsfeLx,EEtCIwVhMlqwyvAgrmzWDtd7Gx,OtI1YBnP3venqL1Ae1tBJ55VX9,cfPHyBil8ZhQoQCd8PAdt5G0M9
i9MWr6Rjfg4tyQsnSLBTRm8QSOd,INVALID,26,3kSvBvJKxfQcYufbhGdTeuQE30o,mEtAQeY2saBdvQKlgJJKkYxEzlR,MDqL8dzJhGUhY6RwguVCLumkqRe,ufzjRPPdDk764FyPlDkQ6ZDo7Wi
VN2dzHyG7F6sm8KuzZrnc2DiNtnE,INVALID,27,DOma4RQa9SCn6qboIpXtUPkxHKvo,0zjsLyNRwwlPGApiNcbHS6wwCfPS,2yzO26C9SKedN6Wt5qJLdidOn4sD,hGXBuZDMTg0F5NSaRJ6loxIRavZ9
uiH4SUheLQX9aEXbaeWe1juF1GKvD,INVALID,28,mzGDhST7J11MIzsHkWmKCzBeqqqUS,gI2RdCMTRrvkX6mDcWH16FVNJImiU,0fpK5SZngiMegw7ECb11G2ShYBxZh,nQMKBPghEUzAKWF3Kr98PjvsAvN31
