user,pass
xdkzkdz@mw.gqh,72CRZ4FHNq
xufpge@oaben.kc,BOvqBN517J
xygugb@hdu.pt,G4Io6LGltk
ikzfzhy@soa.qox,y3TysQQT1g
kgbsktyq@v.q,U6kqTvDljZ
ssgdtgh@oy.k,rDdjUSCnPg
yrwhmi@s.kt,rnfPtLTJ0l
imtmlvpnvz@pis.k,B6MXzJUBh7
ibtnlr@io.gpy,Eqa6IXaXVW
rnjbdri@j.oi,CcLbATk0F9
mqmjje@p.et,eyyGrmeSzD
byvkrg@m.w,P6kfCLMtrX
xlhrfrgsf@u.o,9vHDQbSutX
ixknqo@fo.y,DkRw7sOYUo
sequztvn@f.u,mbKeiAAVKv
kbzkqtw@w.gt,eNvYKussIq
mtcjwli@h.m,9efAGXWXvJ
mntdrtlg@t.f,F9q4wnGvKw
fxotcw@dei.b,14Q27WNeN0
efthgfzr@ps.zm,I0RTc4cNip
jdordjdiwx@iv.x,XZ5GJJryia
tcjidjs@ob.mif,mDEsIX9nL5
qiycht@ddi.hc,eBpYrDZIGj
zcigzr@qk.osq,pTFPZV6dwK
fabcnb@z.csr,6RLYh9cChL
rbgaqty@fwlhy.aq,1llN4HdI64
bsnxge@x.qwv,LA6fcVh7z2
tjjqark@z.mk,N41UJTVBkm
xvwmkb@p.b,ASL65yZvST
puunow@q.h,G5FGfnsFEZ
nvvjvr@r.j,1e4dyhXRaA
vftdfgi@s.rq,umOgAr8HC0
amvpvu@u.kfg,3F5DUFG1RN
xojyjk@dkh.y,m39Azhjx6X
bzheaar@ys.fq,ucm6H370SG
nxywqmert@j.n,Ko3M9NzqYn
nrbrvm@c.g,wJ7GgBrf4t
ixxsdd@hkz.b,bRD1BF8ezH
qdsmjr@wrww.w,IhU8Q7Zsug
tlnamuf@rem.w,OlZmpjpcnS
sgatfx@ty.x,f6W5iO2yUz
fyiqdrcgbk@le.k,TxS4GkpFVp
nytbdx@to.t,A0iQhgqYTJ
rrucoy@c.tcf,SUJutIIOHa
mcolqd@zi.s,8zZ123uFjD
dksoyp@z.ql,fdV4Z9M0go
pnvftusho@a.t,p5OBhS1ge8
mdchct@w.y,MeKJSFBC3r
nlfpcr@hv.qkq,bnSue5IXR3
idwtgx@a.ie,i2wlOqVwvE
jvovbohfmn@m.s,x0htBXABNp
vyggqyk@m.g,pHONdRJWqx
rguviy@p.hl,bqFkrZvBbH
gtvhkbgbmg@q.m,WpUqwd68ZS
vpekgk@uhp.bvb,OZ7b4h8kvo
staljd@lr.oof,fivIIYOQ7P
bsmintft@l.d,4lLfT3avQG
uluggp@p.s,6aXEA45ONO
bkcbsy@ycrvp.j,hToQIr4LVO
grqmyq@p.ru,uYjUV9Igkv
nuewnusrwy@lr.i,zYaO3oOjnD
xcrxphhe@jw.rjk,swUZ0oexkI
bltjjn@h.i,XTMdWllEzA
lxkydct@ejog.q,9NP1z22jB5
vurywnu@e.mvv,QSZo58x3pC
gwqguj@mpkmx.w,v3vzMVsANx
fbmhyo@ve.h,R3bmBOTTFI
sdgvmqd@bdp.y,8WXDJUAllF
buhqcw@h.u,kGZFaHPp0z
zdxdfw@v.h,Wly2AogDGq
qvgysxg@bltu.e,q690BvSMr4
gosrcc@iei.kgr,w9WYi9DMT7
slonqqfk@r.u,Qk283F16M3
poufyx@r.f,dnjW0LPJEj
ikfapgn@b.m,UElF1XHWMq
xruttf@y.ypv,ZqPZ0PhV1j
onpopx@bu.d,soqvySINAY
giyyhgw@c.qmy,h72LBHmxdK
ixqhqukq@gg.di,h0Q9Ih0s9J
bnksckn@l.qz,p5ucgNDWJb
glqinbpqnu@oy.wd,LNKFKq4RPj
hmfqtdr@e.be,1mQGnuI8LO
nfmhad@z.pm,Mx4xs1qTrL
sylmqxx@uq.mu,CpR3yAydcS
egiwsyv@kv.qyb,LRCz2DYVlu
smomop@n.cm,UZSMGa8QdZ
frejxzp@cnl.r,oX2JMFWWT1
emgkrx@uw.ol,kjKw6LAuWK
jsewvs@ws.f,6KhhgePcti
cytlnsge@b.v,np9jNZZ94z
jsqmsiw@lx.q,e7j0OmMM1J
resdsxxj@w.dgc,a2wXuZnsyI
gwcjhmkg@r.ot,KDMl705Isa
lmvwzrbvct@ezk.lk,Z5VGkGCBTv
pbouvm@gf.k,FhpY2sswqh
oyptsolo@i.f,cNrR9UvvNl
ohdksf@s.b,MLZUVGabgU
dzshux@jdqsi.el,4UIoNpQza3
qxznst@p.gap,TSIpDaLqt0
ldhkbq@wn.b,4euvnYKjVb
